Startup,Industry
Ambient AI,
Avaamo,
Aviatrix,
Boomerang,
Boomerang Intelligence,
Bounce Imaging,
Bumblebee Networks,
Captiv8,
Cequence,
Chronos Health,
Compute.ai,
Convai,
DuploCloud,
Eridan,
Everclear (f/k/a Connext),
FirstShift.ai,
Fortella,
GoDomo,
KlearNow.AI,
Lightbeam,
Minds.ai,
Motorq,
newtrul,
Nyansa,
Omni Design,
Ovation,
PatternEx,
Robin,
SafeAI,
SoftWear Automation,
Spatial,
StrikeReady,
Tatari,
Tekion,
The Modern Data Company,
ThirdLove,
Track3D,
Tribyl,
Uhnder,
XY Retail,
